Goal,Target,Indicator,SeriesCode,SeriesDescription,GeoAreaCode,GeoAreaName,TimePeriod,Value,Time_Detail, UpperBound, LowerBound, BasePeriod, Source,FootNote,Nature,Units,[Age],[IHR Capacity],[Name of non-communicable disease],[Reporting Type],[Sex],[Type of occupation]
3,3.1,3.01.02,SH_STA_BRTC,Proportion of births attended by skilled health personnel (%),1,World,2003,62.2,2000-2005,,,,UNICEF/WHO joint global database on Skilled attendance at birth.,,E,PERCENT,,,,G,,
3,3.1,3.01.02,SH_STA_BRTC,Proportion of births attended by skilled health personnel (%),1,World,2009,68.6,2006-2012,,,,UNICEF/WHO joint global database on Skilled attendance at birth.,,E,PERCENT,,,,G,,
3,3.1,3.01.02,SH_STA_BRTC,Proportion of births attended by skilled health personnel (%),1,World,2018,81.1,2013-2018,,,,UNICEF/WHO joint global database on Skilled attendance at birth.,,E,PERCENT,,,,G,,
3,3.1,3.01.02,SH_STA_BRTC,Proportion of births attended by skilled health personnel (%),4,Afghanistan,2003,14.3,2003-2003,,,,"Multiple Indicator Cluster Survey - 2003 Afghanistan. Afghanistan: Central Statistics Office [Afghanistan], United Nations Children’s Fund (UNICEF); 2004.","Cadres included align with the standard definition of: Doctor, nurse and/or midwife",C,PERCENT,,,,G,,
3,3.1,3.01.02,SH_STA_BRTC,Proportion of births attended by skilled health personnel (%),4,Afghanistan,2010,34.3,2010-2010,,,,"Afghanistan Mortality Survey 2010. Calverton: Afghan Public Health Institute, Ministry of Public Health (APHI/MoPH) [Afghanistan], Central Statistics Organization (CSO) [Afghanistan], ICF Macro, Indian Institute of Health Management Research (IIHMR) [India], and World Health Organization Regional Office for the Eastern Mediterranean (WHO/EMRO) [Egypt]; 2011.","Cadres included align with the standard definition of: Doctor, nurse and/or midwife",C,PERCENT,,,,G,,
3,3.1,3.01.02,SH_STA_BRTC,Proportion of births attended by skilled health personnel (%),4,Afghanistan,2011,38.6,2010-2011,,,,"Central Statistics Organisation (CSO), UNICEF. Afghanistan Multiple Indicator Cluster Survey 2010-2011: Final Report. Kabul: Central Statistics Organisation (CSO), UNICEF; 2012.","Cadres included align with the standard definition of: Doctor, nurse and/or midwife",C,PERCENT,,,,G,,
3,3.1,3.01.02,SH_STA_BRTC,Proportion of births attended by skilled health personnel (%),4,Afghanistan,2012,39.9,2011-2012,,,,National Risk and Vulnerability Assessment 2011-12. Afghanistan Living Condition Survey. Kabul: Central Statistics Organization (CSO); 2014.,"Cadres included align with the standard definition of: Doctor, nurse and/or midwife",C,PERCENT,,,,G,,
3,3.1,3.01.02,SH_STA_BRTC,Proportion of births attended by skilled health personnel (%),4,Afghanistan,2014,45.2,2013-2014,,,,Afghanistan Living Conditions Survey 2013-14. National Risk and Vulnerability Assessment. Kabul: Central Statistics Organization (CSO); 2016.,"Cadres included align with the standard definition of: Doctor, nurse and/or midwife",C,PERCENT,,,,G,,
3,3.1,3.01.02,SH_STA_BRTC,Proportion of births attended by skilled health personnel (%),4,Afghanistan,2015,50.5,2015-2015,,,,"Central Statistics Organization (CSO), Ministry of Public Health (MoPH), ICF. Afghanistan Demographic and Health Survey 2015. Kabul, Afghanistan: Central Statistics Organization; 2017.",Definition includes other cadres that is not in alignment with the standard definition,C,PERCENT,,,,G,,
3,3.1,3.01.02,SH_STA_BRTC,Proportion of births attended by skilled health personnel (%),4,Afghanistan,2017,53.4,2016-2017,,,,Afghanistan Living Conditions Survey 2016-17. Kabul: Central Statistics Organization (CSO); 2018.,"Cadres included align with the standard definition of: Doctor, nurse and/or midwife",C,PERCENT,,,,G,,
3,3.1,3.01.02,SH_STA_BRTC,Proportion of births attended by skilled health personnel (%),4,Afghanistan,2018,58.8,2018-2018,,,,Afghanistan Health Survey 2018. Amsterdam: KIT Royal Tropical Institute; 2018. ,"Cadres included align with the standard definition of: Doctor, nurse and/or midwife",C,PERCENT,,,,G,,
3,3.1,3.01.02,SH_STA_BRTC,Proportion of births attended by skilled health personnel (%),8,Albania,2000,99.1,2000-2000,,,,"Multiple Indicator Cluster Survey Report Albania 2000. Tirana: National Institute of Statistics, United Nations Children’s Fund (UNICEF); 2000.",Definition includes other cadres that is not in alignment with the standard definition,C,PERCENT,,,,G,,
3,3.1,3.01.02,SH_STA_BRTC,Proportion of births attended by skilled health personnel (%),8,Albania,2002,98,2002-2002,,,,Albania Poverty Assessment. Report No. 26213-AL. Washington DC: World Bank; 2003. ,"Cadres included align with the standard definition of: Doctor, nurse and/or midwife",C,PERCENT,,,,G,,
3,3.1,3.01.02,SH_STA_BRTC,Proportion of births attended by skilled health personnel (%),8,Albania,2005,99.8,2005-2005,,,,"Albanian National Institute of Statistics. Albania Multiple Indicator Cluster Survey 2005, Final Report. Tirana, Albania: Albanian National Institute of Statistics; 2007.",Definition includes other cadres that is not in alignment with the standard definition,C,PERCENT,,,,G,,
3,3.1,3.01.02,SH_STA_BRTC,Proportion of births attended by skilled health personnel (%),8,Albania,2009,99.3,2008-2009,,,,"Institute of Statistics, Institute of Public Health [Albania], ICF Macro. Albania Demographic and Health Survey 2008-09. Tirana, Albania: Institute of Statistics, Institute of Public Health, ICF Macro; 2010.","Cadres included align with the standard definition of: Doctor, nurse and/or midwife",C,PERCENT,,,,G,,
3,3.1,3.01.02,SH_STA_BRTC,Proportion of births attended by skilled health personnel (%),8,Albania,2018,99.8,2017-2018,,,,"Albania Demographic and Health Survey 2017-18. Tirana: Institute of Statistics, Institute of Public Health, ICF; 2018.","Cadres included align with the standard definition of: Doctor, nurse and/or midwife",C,PERCENT,,,,G,,
3,3.1,3.01.02,SH_STA_BRTC,Proportion of births attended by skilled health personnel (%),9,Oceania,2003,98.4,2000-2005,,,,UNICEF/WHO joint global database on Skilled attendance at birth.,,E,PERCENT,,,,G,,
3,3.1,3.01.02,SH_STA_BRTC,Proportion of births attended by skilled health personnel (%),9,Oceania,2009,98.1,2006-2012,,,,UNICEF/WHO joint global database on Skilled attendance at birth.,,E,PERCENT,,,,G,,
3,3.1,3.01.02,SH_STA_BRTC,Proportion of births attended by skilled health personnel (%),9,Oceania,2018,96.7,2013-2018,,,,UNICEF/WHO joint global database on Skilled attendance at birth.,,E,PERCENT,,,,G,,
3,3.1,3.01.02,SH_STA_BRTC,Proportion of births attended by skilled health personnel (%),12,Algeria,2006,95.2,2006-2006,,,,"Enquête nationale à indicateurs multiples. République Algérienne Démocratique et Populaire 2006. Rapport Principal. Alger: Ministère de la Santé, de la Population et de la Réforme Hospitalière, Office National des Statistiques, Fonds des Nations unies pour l’enfance (UNICEF), Fonds des Nations Unies pour la Population (UNFPA); 2008 (in French).","Cadres included align with the standard definition of: Doctor, nurse and/or midwife",C,PERCENT,,,,G,,
3,3.1,3.01.02,SH_STA_BRTC,Proportion of births attended by skilled health personnel (%),12,Algeria,2013,96.6,2012-2013,,,,"Enquête par Grappes à Indicateurs Multiples (MICS) [Multiple Indicator Cluster Survey (MICS)] République Algérienne Démocratique et Populaire 2012-2013. Rapport final. Algérie: Ministère de la Santé, de la Population et de la Réforme Hospitalière, Fonds des Nations unies pour l’enfance (UNICEF), Fonds des Nations Unies pour la Population (FNUAP/UNFPA); 2015 (in French).  ","Cadres included align with the standard definition of: Doctor, nurse and/or midwife",C,PERCENT,,,,G,,
3,3.1,3.01.02,SH_STA_BRTC,Proportion of births attended by skilled health personnel (%),15,Northern Africa,2003,67.6,2000-2005,,,,UNICEF/WHO joint global database on Skilled attendance at birth.,,E,PERCENT,,,,G,,
3,3.1,3.01.02,SH_STA_BRTC,Proportion of births attended by skilled health personnel (%),15,Northern Africa,2009,77.8,2006-2012,,,,UNICEF/WHO joint global database on Skilled attendance at birth.,,E,PERCENT,,,,G,,
3,3.1,3.01.02,SH_STA_BRTC,Proportion of births attended by skilled health personnel (%),15,Northern Africa,2018,90.4,2013-2018,,,,UNICEF/WHO joint global database on Skilled attendance at birth.,,E,PERCENT,,,,G,,
3,3.1,3.01.02,SH_STA_BRTC,Proportion of births attended by skilled health personnel (%),20,Andorra,2015,100,2015-2015,,,,"Department d'Estadistica, Govern d'Andorra. Data provided to Unicef via country consultation 2019.  ",Definition includes other cadres that is not in alignment with the standard definition,C,PERCENT,,,,G,,
3,3.1,3.01.02,SH_STA_BRTC,Proportion of births attended by skilled health personnel (%),20,Andorra,2016,100,2016-2016,,,,"Department d'Estadistica, Govern d'Andorra. Data provided to Unicef via country consultation 2019.  ",Definition includes other cadres that is not in alignment with the standard definition,C,PERCENT,,,,G,,
3,3.1,3.01.02,SH_STA_BRTC,Proportion of births attended by skilled health personnel (%),20,Andorra,2017,100,2017-2017,,,,"Department d'Estadistica, Govern d'Andorra. Data provided to Unicef via country consultation 2019.  ",Definition includes other cadres that is not in alignment with the standard definition,C,PERCENT,,,,G,,
3,3.1,3.01.02,SH_STA_BRTC,Proportion of births attended by skilled health personnel (%),21,Northern America,2003,99.3,2000-2005,,,,UNICEF/WHO joint global database on Skilled attendance at birth.,,E,PERCENT,,,,G,,
3,3.1,3.01.02,SH_STA_BRTC,Proportion of births attended by skilled health personnel (%),21,Northern America,2009,99.2,2006-2012,,,,UNICEF/WHO joint global database on Skilled attendance at birth.,,E,PERCENT,,,,G,,
3,3.1,3.01.02,SH_STA_BRTC,Proportion of births attended by skilled health personnel (%),21,Northern America,2018,99,2013-2018,,,,UNICEF/WHO joint global database on Skilled attendance at birth.,,E,PERCENT,,,,G,,
3,3.1,3.01.02,SH_STA_BRTC,Proportion of births attended by skilled health personnel (%),24,Angola,2007,47.3,2006-2007,,,,"Consultoria de Serviços e Pesquisas–COSEP Lda., Consultoria de Gestão e Administração em Saúde–Consaúde Lda. [Angola], Macro International Inc. Angola Malaria Indicator Survey 2006-07. Calverton, Maryland, USA: COSEP Lda., Consaúde Lda., Macro International Inc.; 2007.",Definition includes other cadres that is not in alignment with the standard definition,C,PERCENT,,,,G,,
3,3.1,3.01.02,SH_STA_BRTC,Proportion of births attended by skilled health personnel (%),24,Angola,2016,46.6,2015-2016,,,,"Instituto Nacional de Estatística (INE), Ministério da Saúde (MINSA), Ministério do Planeamento e do Desenvolvimento Territorial (MINPLAN), ICF. Inquérito de Indicadores Múltiplos e de Saúde em Angola 2015-2016. Luanda, Angola e Rockville, Maryland, EUA: INE, MINSA, MINPLAN, ICF; 2017 (in Portuguese). ","Cadres included align with the standard definition of: Doctor, nurse and/or midwife",C,PERCENT,,,,G,,
3,3.1,3.01.02,SH_STA_BRTC,Proportion of births attended by skilled health personnel (%),28,Antigua and Barbuda,2000,99.9,2000-2000,,,,"Health Situation in the Americas: Basic Indicators 2000. Washington, DC: Pan American Health Organization/World Health Organization (PAHO/WHO); 2000.",No / unclear definition of the cadres included,C,PERCENT,,,,G,,
3,3.1,3.01.02,SH_STA_BRTC,Proportion of births attended by skilled health personnel (%),28,Antigua and Barbuda,2001,100,2001-2001,,,,"Health Situation in the Americas: Basic Indicators 2002. Washington, DC: Pan American Health Organization/World Health Organization (PAHO/WHO), Special Program for Health Analysis; 2002.",No / unclear definition of the cadres included,C,PERCENT,,,,G,,
3,3.1,3.01.02,SH_STA_BRTC,Proportion of births attended by skilled health personnel (%),28,Antigua and Barbuda,2003,99,2003-2003,,,,"Health Situation in the Americas: Basic Indicators 2004. Washington, DC: Pan American Health Organization/World Health Organization (PAHO/WHO), Area of Health Analysis and Information Systems (AIS); 2004.",No / unclear definition of the cadres included,C,PERCENT,,,,G,,
3,3.1,3.01.02,SH_STA_BRTC,Proportion of births attended by skilled health personnel (%),28,Antigua and Barbuda,2004,100,2004-2004,,,,"Health Situation in the Americas: Basic Indicators 2005. Washington, DC: Pan American Health Organization/World Health Organization (PAHO/WHO), Area of Health Analysis and Information Systems (AIS); 2005.",No / unclear definition of the cadres included,C,PERCENT,,,,G,,
3,3.1,3.01.02,SH_STA_BRTC,Proportion of births attended by skilled health personnel (%),28,Antigua and Barbuda,2005,99.9,2005-2005,,,,"Health Situation in the Americas: Basic Indicators 2006. Washington, DC: Pan American Health Organization/World Health Organization (PAHO/WHO), Health Analysis and Statistics Unit (HA); 2006.",No / unclear definition of the cadres included,C,PERCENT,,,,G,,
3,3.1,3.01.02,SH_STA_BRTC,Proportion of births attended by skilled health personnel (%),28,Antigua and Barbuda,2006,99.9,2006-2006,,,,"Health Situation in the Americas: Basic Indicators 2007. Washington, DC: Pan American Health Organization/World Health Organization (PAHO/WHO), Health Analysis and Statistics Unit (HA); 2007.",No / unclear definition of the cadres included,C,PERCENT,,,,G,,
3,3.1,3.01.02,SH_STA_BRTC,Proportion of births attended by skilled health personnel (%),28,Antigua and Barbuda,2007,100,2007-2007,,,,"Health Situation in the Americas: Basic Indicators 2008. Washington, DC: Pan American Health Organization/World Health Organization (PAHO/WHO), Health Information and Analysis; 2008.",No / unclear definition of the cadres included,C,PERCENT,,,,G,,
3,3.1,3.01.02,SH_STA_BRTC,Proportion of births attended by skilled health personnel (%),28,Antigua and Barbuda,2008,100,2008-2008,,,,"Health Situation in the Americas: Basic Indicators 2009. Washington, DC: Pan American Health Organization/World Health Organization (PAHO/WHO), Health Information and Analysis Project; 2009.",No / unclear definition of the cadres included,C,PERCENT,,,,G,,
3,3.1,3.01.02,SH_STA_BRTC,Proportion of births attended by skilled health personnel (%),28,Antigua and Barbuda,2009,100,2009-2009,,,,"Health Situation in the Americas: Basic Indicators 2010. Washington, DC: Pan American Health Organization/World Health Organization (PAHO/WHO), Health Information and Analysis Project (HSD/HA); 2010.",No / unclear definition of the cadres included,C,PERCENT,,,,G,,
3,3.1,3.01.02,SH_STA_BRTC,Proportion of births attended by skilled health personnel (%),28,Antigua and Barbuda,2010,100,2010-2010,,,,"Health Situation in the Americas: Basic Indicators 2011. Washington, DC: Pan American Health Organization/World Health Organization (PAHO/WHO), Health Information and Analysis Project; 2011.",No / unclear definition of the cadres included,C,PERCENT,,,,G,,
3,3.1,3.01.02,SH_STA_BRTC,Proportion of births attended by skilled health personnel (%),28,Antigua and Barbuda,2012,100,2012-2012,,,,"Health Situation in the Americas: Basic Indicators 2013. Washington, DC: Pan American Health Organization/World Health Organization (PAHO/WHO), Communicable Diseases and Health Analysis/Health Information and Analysis; 2013.",No / unclear definition of the cadres included,C,PERCENT,,,,G,,
3,3.1,3.01.02,SH_STA_BRTC,Proportion of births attended by skilled health personnel (%),28,Antigua and Barbuda,2013,100,2013-2013,,,,"Health Situation in the Americas: Basic Indicators 2014. Washington, DC: Pan American Health Organization/World Health Organization (PAHO/WHO), Communicable Diseases and Health Analysis/Health Information and Analysis; 2014.",No / unclear definition of the cadres included,C,PERCENT,,,,G,,
3,3.1,3.01.02,SH_STA_BRTC,Proportion of births attended by skilled health personnel (%),28,Antigua and Barbuda,2014,100,2014-2014,,,,"Health Situation in the Americas: Basic Indicators 2015. Washington, DC: Pan American Health Organization/World Health Organization (PAHO/WHO), Communicable Diseases and Health Analysis/Health Information and Analysis; 2015.",No / unclear definition of the cadres included,C,PERCENT,,,,G,,
3,3.1,3.01.02,SH_STA_BRTC,Proportion of births attended by skilled health personnel (%),28,Antigua and Barbuda,2015,100,2015-2015,,,,"Health Situation in the Americas: Core Indicators 2016. Washington, DC: Pan American Health Organization/World Health Organization (PAHO/WHO), Communicable Diseases and Health Analysis/Health Information and Analysis; 2016.",Institutional Birth (IB): includes all deliveries that occurred at a health facility,C,PERCENT,,,,G,,
3,3.1,3.01.02,SH_STA_BRTC,Proportion of births attended by skilled health personnel (%),28,Antigua and Barbuda,2017,100,2017-2017,,,,"Health Situation in the Americas: Core Indicators 2018. Washington, DC: Pan American Health Organization/World Health Organization (PAHO/WHO), Evidence and Intelligence for Action in Health/Health Analysis, Metrics and Evidence; 2018.",Institutional Birth (IB): includes all deliveries that occurred at a health facility,C,PERCENT,,,,G,,
3,3.1,3.01.02,SH_STA_BRTC,Proportion of births attended by skilled health personnel (%),30,Eastern Asia,2003,96.3,2000-2005,,,,UNICEF/WHO joint global database on Skilled attendance at birth.,,E,PERCENT,,,,G,,
3,3.1,3.01.02,SH_STA_BRTC,Proportion of births attended by skilled health personnel (%),30,Eastern Asia,2009,99.4,2006-2012,,,,UNICEF/WHO joint global database on Skilled attendance at birth.,,E,PERCENT,,,,G,,
3,3.1,3.01.02,SH_STA_BRTC,Proportion of births attended by skilled health personnel (%),30,Eastern Asia,2018,99.9,2013-2018,,,,UNICEF/WHO joint global database on Skilled attendance at birth.,,E,PERCENT,,,,G,,
3,3.1,3.01.02,SH_STA_BRTC,Proportion of births attended by skilled health personnel (%),31,Azerbaijan,2000,80.7,2000-2000,,,,"Azerbaijan Multiple Indicator Cluster Survey 2000. Baku: Ministry of Health, Azerbaijan, United Nations Children's Fund (UNICEF); 2000.","Cadres included align with the standard definition of: Doctor, nurse and/or midwife",C,PERCENT,,,,G,,
3,3.1,3.01.02,SH_STA_BRTC,Proportion of births attended by skilled health personnel (%),31,Azerbaijan,2001,88,2001-2001,,,,"Ministry of Health [Azerbaijan], Division of Reproductive Health - Centers for Disease Control and Prevention (DRH/CDC). Reproductive Health Survey Azerbaijan, 2001. Final Report. Atlanta: CDC; 2003.","Cadres included align with the standard definition of: Doctor, nurse and/or midwife",C,PERCENT,,,,G,,
3,3.1,3.01.02,SH_STA_BRTC,Proportion of births attended by skilled health personnel (%),31,Azerbaijan,2002,94,2002-2002,,,,Statistical Yearbook of Azerbaijan 2013. Baku: State Statistical Committee of the Republic of Azerbaijan; 2013.,No / unclear definition of the cadres included,C,PERCENT,,,,G,,
3,3.1,3.01.02,SH_STA_BRTC,Proportion of births attended by skilled health personnel (%),31,Azerbaijan,2003,95.8,2003-2003,,,,Statistical Yearbook of Azerbaijan 2013. Baku: State Statistical Committee of the Republic of Azerbaijan; 2013.,No / unclear definition of the cadres included,C,PERCENT,,,,G,,
3,3.1,3.01.02,SH_STA_BRTC,Proportion of births attended by skilled health personnel (%),31,Azerbaijan,2004,95.9,2004-2004,,,,Statistical Yearbook of Azerbaijan 2013. Baku: State Statistical Committee of the Republic of Azerbaijan; 2013.,No / unclear definition of the cadres included,C,PERCENT,,,,G,,
3,3.1,3.01.02,SH_STA_BRTC,Proportion of births attended by skilled health personnel (%),31,Azerbaijan,2005,94.4,2005-2005,,,,Statistical Yearbook of Azerbaijan 2013. Baku: State Statistical Committee of the Republic of Azerbaijan; 2013.,No / unclear definition of the cadres included,C,PERCENT,,,,G,,
3,3.1,3.01.02,SH_STA_BRTC,Proportion of births attended by skilled health personnel (%),31,Azerbaijan,2006,88.6,2006-2006,,,,"State Statistical Committee (SSC) [Azerbaijan], Macro International Inc. Azerbaijan Demographic and Health Survey 2006. Calverton, Maryland, USA: State Statistical Committee, Macro International Inc.; 2008.","Cadres included align with the standard definition of: Doctor, nurse and/or midwife",C,PERCENT,,,,G,,
3,3.1,3.01.02,SH_STA_BRTC,Proportion of births attended by skilled health personnel (%),31,Azerbaijan,2007,93,2007-2007,,,,Statistical Yearbook of Azerbaijan 2013. Baku: State Statistical Committee of the Republic of Azerbaijan; 2013.,No / unclear definition of the cadres included,C,PERCENT,,,,G,,
3,3.1,3.01.02,SH_STA_BRTC,Proportion of births attended by skilled health personnel (%),31,Azerbaijan,2008,98,2008-2008,,,,Statistical Yearbook of Azerbaijan 2013. Baku: State Statistical Committee of the Republic of Azerbaijan; 2013.,No / unclear definition of the cadres included,C,PERCENT,,,,G,,
3,3.1,3.01.02,SH_STA_BRTC,Proportion of births attended by skilled health personnel (%),31,Azerbaijan,2009,99.8,2009-2009,,,,Statistical Yearbook of Azerbaijan 2013. Baku: State Statistical Committee of the Republic of Azerbaijan; 2013.,No / unclear definition of the cadres included,C,PERCENT,,,,G,,
3,3.1,3.01.02,SH_STA_BRTC,Proportion of births attended by skilled health personnel (%),31,Azerbaijan,2010,99.4,2010-2010,,,,Statistical Yearbook of Azerbaijan 2013. Baku: State Statistical Committee of the Republic of Azerbaijan; 2013.,No / unclear definition of the cadres included,C,PERCENT,,,,G,,
3,3.1,3.01.02,SH_STA_BRTC,Proportion of births attended by skilled health personnel (%),31,Azerbaijan,2011,97.2,2011-2011,,,,"Public Health and Reforms Centre (PHRC) [Azerbaijan]. Demographic and Health Survey, Azerbaijan, 2011. Baku: Ministry of Health (MoH) [Azerbaijan]; 2013.",Definition includes other cadres that is not in alignment with the standard definition,C,PERCENT,,,,G,,
3,3.1,3.01.02,SH_STA_BRTC,Proportion of births attended by skilled health personnel (%),31,Azerbaijan,2012,99.8,2012-2012,,,,Statistical Yearbook of Azerbaijan 2013. Baku: State Statistical Committee of the Republic of Azerbaijan; 2013.,No / unclear definition of the cadres included,C,PERCENT,,,,G,,
3,3.1,3.01.02,SH_STA_BRTC,Proportion of births attended by skilled health personnel (%),31,Azerbaijan,2013,99.9,2013-2013,,,,Statistical Yearbook of Azerbaijan 2015. Baku: State Statistical Committee of the Republic of Azerbaijan; 2015.,No / unclear definition of the cadres included,C,PERCENT,,,,G,,
3,3.1,3.01.02,SH_STA_BRTC,Proportion of births attended by skilled health personnel (%),31,Azerbaijan,2014,99.9,2014-2014,,,,Statistical Yearbook of Azerbaijan 2015. Baku: State Statistical Committee of the Republic of Azerbaijan; 2015.,No / unclear definition of the cadres included,C,PERCENT,,,,G,,
3,3.1,3.01.02,SH_STA_BRTC,Proportion of births attended by skilled health personnel (%),31,Azerbaijan,2015,99.8,2015-2015,,,,Statistical Yearbook of Azerbaijan 2016. Baku: State Statistical Committee of the Republic of Azerbaijan; 2016.,No / unclear definition of the cadres included,C,PERCENT,,,,G,,
3,3.1,3.01.02,SH_STA_BRTC,Proportion of births attended by skilled health personnel (%),31,Azerbaijan,2016,99.8,2016-2016,,,,Statistical Yearbook 2017. Women and Men in Azerbaijan. Baku: State Statistical Committee of the Republic of Azerbaijan; 2017.,No / unclear definition of the cadres included,C,PERCENT,,,,G,,
3,3.1,3.01.02,SH_STA_BRTC,Proportion of births attended by skilled health personnel (%),31,Azerbaijan,2017,99.8,2017-2017,,,,Statistical Yearbook 2018. Women and Men in Azerbaijan. Baku: State Statistical Committee of the Republic of Azerbaijan; 2018.,No / unclear definition of the cadres included,C,PERCENT,,,,G,,
3,3.1,3.01.02,SH_STA_BRTC,Proportion of births attended by skilled health personnel (%),32,Argentina,2000,99.1,2000-2000,,,,"Indicadores básicos Argentina 2010. Buenos Aires: Ministerio de Salud, Argentina, Organización Panamericana de la Salud/Organización Mundial de la Salud (OPS/OMS) [Pan American Health Organization/World Health Organization (PAHO/WHO)]; 2010 (in Spanish). ","Cadres included align with the standard definition of: Doctor, nurse and/or midwife",C,PERCENT,,,,G,,
3,3.1,3.01.02,SH_STA_BRTC,Proportion of births attended by skilled health personnel (%),32,Argentina,2001,98.4,2001-2001,,,,"Indicadores básicos Argentina 2010. Buenos Aires: Ministerio de Salud, Argentina, Organización Panamericana de la Salud/Organización Mundial de la Salud (OPS/OMS) [Pan American Health Organization/World Health Organization (PAHO/WHO)]; 2010 (in Spanish). ","Cadres included align with the standard definition of: Doctor, nurse and/or midwife",C,PERCENT,,,,G,,
3,3.1,3.01.02,SH_STA_BRTC,Proportion of births attended by skilled health personnel (%),32,Argentina,2002,98.9,2002-2002,,,,Estadísticas Vitales. Información Básica – Año 2002. Buenos Aires: Ministerio de Salud [Argentina]; 2003 (in Spanish).,"Cadres included align with the standard definition of: Doctor, nurse and/or midwife",C,PERCENT,,,,G,,
3,3.1,3.01.02,SH_STA_BRTC,Proportion of births attended by skilled health personnel (%),32,Argentina,2003,98.7,2003-2003,,,,Estadísticas Vitales. Información Básica – Año 2003. Buenos Aires: Ministerio de Salud [Argentina]; 2004 (in Spanish).,"Cadres included align with the standard definition of: Doctor, nurse and/or midwife",C,PERCENT,,,,G,,
3,3.1,3.01.02,SH_STA_BRTC,Proportion of births attended by skilled health personnel (%),32,Argentina,2004,99.1,2004-2004,,,,Estadísticas Vitales. Información Básica – Año 2004. Buenos Aires: Ministerio de Salud [Argentina]; 2005 (in Spanish).,"Cadres included align with the standard definition of: Doctor, nurse and/or midwife",C,PERCENT,,,,G,,
3,3.1,3.01.02,SH_STA_BRTC,Proportion of births attended by skilled health personnel (%),32,Argentina,2005,99.1,2005-2005,,,,Estadísticas Vitales. Información Básica – Año 2005. Buenos Aires: Ministerio de Salud [Argentina]; 2006 (in Spanish).,"Cadres included align with the standard definition of: Doctor, nurse and/or midwife",C,PERCENT,,,,G,,
3,3.1,3.01.02,SH_STA_BRTC,Proportion of births attended by skilled health personnel (%),32,Argentina,2006,99.4,2006-2006,,,,Estadísticas Vitales. Información Básica – Año 2006. Buenos Aires: Ministerio de Salud [Argentina]; 2007 (in Spanish).,"Cadres included align with the standard definition of: Doctor, nurse and/or midwife",C,PERCENT,,,,G,,
3,3.1,3.01.02,SH_STA_BRTC,Proportion of births attended by skilled health personnel (%),32,Argentina,2007,99.4,2007-2007,,,,Estadísticas Vitales. Información Básica – Año 2007. Buenos Aires: Ministerio de Salud [Argentina]; 2008 (in Spanish).,"Cadres included align with the standard definition of: Doctor, nurse and/or midwife",C,PERCENT,,,,G,,
3,3.1,3.01.02,SH_STA_BRTC,Proportion of births attended by skilled health personnel (%),32,Argentina,2008,94.8,2008-2008,,,,Estadísticas Vitales. Información Básica – Año 2008. Buenos Aires: Ministerio de Salud [Argentina]; 2009 (in Spanish).,"Cadres included align with the standard definition of: Doctor, nurse and/or midwife",C,PERCENT,,,,G,,
3,3.1,3.01.02,SH_STA_BRTC,Proportion of births attended by skilled health personnel (%),32,Argentina,2009,97.9,2009-2009,,,,Estadísticas Vitales. Información Básica – Año 2009. Buenos Aires: Ministerio de Salud [Argentina]; 2010 (in Spanish).,"Cadres included align with the standard definition of: Doctor, nurse and/or midwife",C,PERCENT,,,,G,,
3,3.1,3.01.02,SH_STA_BRTC,Proportion of births attended by skilled health personnel (%),32,Argentina,2010,95,2010-2010,,,,Estadísticas Vitales. Información Básica – Año 2010. Buenos Aires: Ministerio de Salud [Argentina]; 2011 (in Spanish).,"Cadres included align with the standard definition of: Doctor, nurse and/or midwife",C,PERCENT,,,,G,,
3,3.1,3.01.02,SH_STA_BRTC,Proportion of births attended by skilled health personnel (%),32,Argentina,2011,97.1,2011-2011,,,,Estadísticas Vitales. Información Básica – Año 2011. Buenos Aires: Ministerio de Salud [Argentina]; 2012 (in Spanish).,"Cadres included align with the standard definition of: Doctor, nurse and/or midwife",C,PERCENT,,,,G,,
3,3.1,3.01.02,SH_STA_BRTC,Proportion of births attended by skilled health personnel (%),32,Argentina,2012,98.2,2012-2012,,,,Estadísticas Vitales. Información Básica – Año 2012. Buenos Aires: Ministerio de Salud [Argentina]; 2013 (in Spanish).,"Cadres included align with the standard definition of: Doctor, nurse and/or midwife",C,PERCENT,,,,G,,
3,3.1,3.01.02,SH_STA_BRTC,Proportion of births attended by skilled health personnel (%),32,Argentina,2013,97,2013-2013,,,,Estadísticas Vitales. Información Básica – Año 2013. Buenos Aires: Ministerio de Salud [Argentina]; 2014 (in Spanish).,"Cadres included align with the standard definition of: Doctor, nurse and/or midwife",C,PERCENT,,,,G,,
3,3.1,3.01.02,SH_STA_BRTC,Proportion of births attended by skilled health personnel (%),32,Argentina,2014,99.6,2014-2014,,,,Estadísticas Vitales. Información Básica – Año 2014. Buenos Aires: Ministerio de Salud [Argentina]; 2015 (in Spanish).,"Cadres included align with the standard definition of: Doctor, nurse and/or midwife",C,PERCENT,,,,G,,
3,3.1,3.01.02,SH_STA_BRTC,Proportion of births attended by skilled health personnel (%),32,Argentina,2015,99.6,2015-2015,,,,Estadísticas Vitales. Información Básica – Año 2015. Buenos Aires: Ministerio de Salud [Argentina]; 2016 (in Spanish).,"Cadres included align with the standard definition of: Doctor, nurse and/or midwife",C,PERCENT,,,,G,,
3,3.1,3.01.02,SH_STA_BRTC,Proportion of births attended by skilled health personnel (%),32,Argentina,2016,98.4,2016-2016,,,,Estadísticas Vitales. Información Básica – Año 2016. Buenos Aires: Ministerio de Salud [Argentina]; 2017 (in Spanish).,"Cadres included align with the standard definition of: Doctor, nurse and/or midwife",C,PERCENT,,,,G,,
3,3.1,3.01.02,SH_STA_BRTC,Proportion of births attended by skilled health personnel (%),32,Argentina,2017,93.9,2017-2017,,,,Estadísticas Vitales. Información Básica – Año 2017. Buenos Aires: Ministerio de Salud [Argentina]; 2018 (in Spanish).,"Cadres included align with the standard definition of: Doctor, nurse and/or midwife",C,PERCENT,,,,G,,
3,3.1,3.01.02,SH_STA_BRTC,Proportion of births attended by skilled health personnel (%),34,Southern Asia,2003,38,2000-2005,,,,UNICEF/WHO joint global database on Skilled attendance at birth.,,E,PERCENT,,,,G,,
3,3.1,3.01.02,SH_STA_BRTC,Proportion of births attended by skilled health personnel (%),34,Southern Asia,2009,49.4,2006-2012,,,,UNICEF/WHO joint global database on Skilled attendance at birth.,,E,PERCENT,,,,G,,
3,3.1,3.01.02,SH_STA_BRTC,Proportion of births attended by skilled health personnel (%),34,Southern Asia,2018,78,2013-2018,,,,UNICEF/WHO joint global database on Skilled attendance at birth.,,E,PERCENT,,,,G,,
3,3.1,3.01.02,SH_STA_BRTC,Proportion of births attended by skilled health personnel (%),35,South-Eastern Asia,2003,67.9,2000-2005,,,,UNICEF/WHO joint global database on Skilled attendance at birth.,,E,PERCENT,,,,G,,
3,3.1,3.01.02,SH_STA_BRTC,Proportion of births attended by skilled health personnel (%),35,South-Eastern Asia,2009,75.1,2006-2012,,,,UNICEF/WHO joint global database on Skilled attendance at birth.,,E,PERCENT,,,,G,,
3,3.1,3.01.02,SH_STA_BRTC,Proportion of births attended by skilled health personnel (%),35,South-Eastern Asia,2018,89,2013-2018,,,,UNICEF/WHO joint global database on Skilled attendance at birth.,,E,PERCENT,,,,G,,
3,3.1,3.01.02,SH_STA_BRTC,Proportion of births attended by skilled health personnel (%),36,Australia,2000,99.3,2000-2000,,,,Australia’s mothers and babies 2000. Perinatal Statistics Series no. 12. AIHW Cat. No. PER 21. Canberra: Australian Institute of Health and Welfare National Perinatal Statistics Unit (AIHW NPSU); 2003.,Institutional Birth (IB): includes all deliveries that occurred at a health facility,C,PERCENT,,,,G,,
3,3.1,3.01.02,SH_STA_BRTC,Proportion of births attended by skilled health personnel (%),36,Australia,2001,99.3,2001-2001,,,,"Laws PJ, Sullivan EA. Australia’s mothers and babies 2001. Perinatal Statistics Series No. 13. AIHW Cat. No. PER 25. Sydney: Australian Institute of Health and Welfare (AIHW) National Perinatal Statistics Unit; 2004.",Institutional Birth (IB): includes all deliveries that occurred at a health facility,C,PERCENT,,,,G,,
3,3.1,3.01.02,SH_STA_BRTC,Proportion of births attended by skilled health personnel (%),36,Australia,2002,99.3,2002-2002,,,,"Laws PJ, Sullivan EA. Australia’s mothers and babies 2002. Perinatal Statistics Series No. 15. AIHW Cat. No. PER 28. Sydney: Australian Institute of Health and Welfare (AIHW) National Perinatal Statistics Unit; 2004.",Institutional Birth (IB): includes all deliveries that occurred at a health facility,C,PERCENT,,,,G,,
3,3.1,3.01.02,SH_STA_BRTC,Proportion of births attended by skilled health personnel (%),36,Australia,2003,99.3,2003-2003,,,,"Laws PJ, Sullivan EA. Australia’s mothers and babies 2003. Perinatal Statistics Series No. 16. AIHW Cat. No. PER 29. Sydney: Australian Institute of Health and Welfare (AIHW) National Perinatal Statistics Unit; 2005.",Institutional Birth (IB): includes all deliveries that occurred at a health facility,C,PERCENT,,,,G,,
3,3.1,3.01.02,SH_STA_BRTC,Proportion of births attended by skilled health personnel (%),36,Australia,2004,99.3,2004-2004,,,,"Laws PJ, Grayson N, Sullivan EA. Australia’s mothers and babies 2004. Perinatal statistics series no. 18. AIHW cat. no. PER 34. Sydney: Australian Institute of Health and Welfare (AIHW) National Perinatal Statistics Unit; 2006.",Institutional Birth (IB): includes all deliveries that occurred at a health facility,C,PERCENT,,,,G,,
3,3.1,3.01.02,SH_STA_BRTC,Proportion of births attended by skilled health personnel (%),36,Australia,2005,99.4,2005-2005,,,,"Laws PJ, Abeywardana S, Walker J, Sullivan EA. Australia’s mothers and babies 2005. Perinatal statistics series no. 20. Cat. no. PER 40. Sydney: Australian Institute of Health and Welfare (AIHW) National Perinatal Statistics Unit; 2007.",Institutional Birth (IB): includes all deliveries that occurred at a health facility,C,PERCENT,,,,G,,
3,3.1,3.01.02,SH_STA_BRTC,Proportion of births attended by skilled health personnel (%),36,Australia,2006,99.3,2006-2006,,,,"Laws PJ, Hilder L. Australia’s mothers and babies 2006. Perinatal statistics series no. 22. Cat. no. PER 46. Sydney: Australian Institute of Health and Welfare (AIHW) National Perinatal Statistics Unit; 2008.",Institutional Birth (IB): includes all deliveries that occurred at a health facility,C,PERCENT,,,,G,,
3,3.1,3.01.02,SH_STA_BRTC,Proportion of births attended by skilled health personnel (%),36,Australia,2007,99.2,2007-2007,,,,"Laws P, Sullivan EA. Australia’s mothers and babies 2007. Perinatal statistics series no. 23. Cat. no. PER 48. Sydney: Australian Institute of Health and Welfare (AIHW) National Perinatal Statistics Unit; 2009.",Institutional Birth (IB): includes all deliveries that occurred at a health facility,C,PERCENT,,,,G,,
3,3.1,3.01.02,SH_STA_BRTC,Proportion of births attended by skilled health personnel (%),36,Australia,2008,99.1,2008-2008,,,,"Laws PJ, Li Z, Sullivan EA. Australia's mothers and babies 2008. Perinatal statistics series no. 24. Cat. No. PER 50. Canberra: Australian Institute of Health and Welfare (AIHW); 2010. ",Institutional Birth (IB): includes all deliveries that occurred at a health facility,C,PERCENT,,,,G,,
3,3.1,3.01.02,SH_STA_BRTC,Proportion of births attended by skilled health personnel (%),36,Australia,2009,99.1,2009-2009,,,,"Li Z, McNally L, Hilder L, Sullivan EA. Australia’s mothers and babies 2009. Perinatal statistics series no. 25. Cat. no. PER 52. Sydney: Australian Institute of Health and Welfare (AIHW) National Perinatal Epidemiology and Statistics Unit; 2011.",Institutional Birth (IB): includes all deliveries that occurred at a health facility,C,PERCENT,,,,G,,
3,3.1,3.01.02,SH_STA_BRTC,Proportion of births attended by skilled health personnel (%),36,Australia,2010,99.1,2010-2010,,,,"Li Z, Zeki R, Hilder L, Sullivan EA. Australia’s mothers and babies 2010. Perinatal statistics series no. 27. Cat. no. PER 57. Canberra: Australian Institute of Health and Welfare (AIHW) National Perinatal Epidemiology and Statistics Unit; 2012.",Institutional Birth (IB): includes all deliveries that occurred at a health facility,C,PERCENT,,,,G,,
3,3.1,3.01.02,SH_STA_BRTC,Proportion of births attended by skilled health personnel (%),36,Australia,2011,99.1,2011-2011,,,,"Li Z, Zeki R, Hilder L, Sullivan EA. Australia’s mothers and babies 2011. Perinatal statistics series no. 28. Cat. no. PER 59. Canberra: Australian Institute of Health and Welfare (AIHW) National Perinatal Epidemiology and Statistics Unit; 2013.",Institutional Birth (IB): includes all deliveries that occurred at a health facility,C,PERCENT,,,,G,,
3,3.1,3.01.02,SH_STA_BRTC,Proportion of births attended by skilled health personnel (%),36,Australia,2012,99.2,2012-2012,,,,"Hilder L,Zhichao Z, Parker M, Jahan S, Chambers GM.  Australia’s mothers and babies 2012. Perinatal statistics series no. 30. Cat. no. PER 69. Canberra: Australian Institute of Health and Welfare (AIHW); 2014.",Institutional Birth (IB): includes all deliveries that occurred at a health facility,C,PERCENT,,,,G,,
3,3.1,3.01.02,SH_STA_BRTC,Proportion of births attended by skilled health personnel (%),36,Australia,2013,99.3,2013-2013,,,,"Australia’s mothers and babies 2013 - in brief. Perinatal statistics series no. 31. Cat no. PER 72. Canberra: Australian Institute of Health and Welfare (AIHW); 2015. 
",Institutional Birth (IB): includes all deliveries that occurred at a health facility,C,PERCENT,,,,G,,
3,3.1,3.01.02,SH_STA_BRTC,Proportion of births attended by skilled health personnel (%),36,Australia,2014,99.7,2014-2014,,,,"Australia’s mothers and babies 2014 - in brief. Perinatal statistics series no. 32. Cat no. PER 87. Canberra: Australian Institute of Health and Welfare (AIHW); 2016. 
",Institutional Birth (IB): includes all deliveries that occurred at a health facility,C,PERCENT,,,,G,,
3,3.1,3.01.02,SH_STA_BRTC,Proportion of births attended by skilled health personnel (%),36,Australia,2015,99.7,2015-2015,,,,"Australia’s mothers and babies 2015 - in brief. Perinatal statistics series no. 33. Cat no. PER 91. Canberra: Australian Institute of Health and Welfare (AIHW); 2017.
",Institutional Birth (IB): includes all deliveries that occurred at a health facility,C,PERCENT,,,,G,,
3,3.1,3.01.02,SH_STA_BRTC,Proportion of births attended by skilled health personnel (%),36,Australia,2016,97,2016-2016,,,,"Australia’s mothers and babies 2016 - in brief. Perinatal statistics series no. 34. Cat no. PER 97. Canberra: Australian Institute of Health and Welfare (AIHW); 2018.
",Institutional Birth (IB): includes all deliveries that occurred at a health facility,C,PERCENT,,,,G,,
3,3.1,3.01.02,SH_STA_BRTC,Proportion of births attended by skilled health personnel (%),40,Austria,2000,98.3,2000-2000,,,,Jahrbuch der Gesundheitsstatistik 2003. Wien: Statistik Austria; 2005 (in German).,Institutional Birth (IB): includes all deliveries that occurred at a health facility,C,PERCENT,,,,G,,
3,3.1,3.01.02,SH_STA_BRTC,Proportion of births attended by skilled health personnel (%),40,Austria,2001,98.3,2001-2001,,,,Jahrbuch der Gesundheitsstatistik 2003. Wien: Statistik Austria; 2005 (in German).,Institutional Birth (IB): includes all deliveries that occurred at a health facility,C,PERCENT,,,,G,,
3,3.1,3.01.02,SH_STA_BRTC,Proportion of births attended by skilled health personnel (%),40,Austria,2002,98.4,2002-2002,,,,Jahrbuch der Gesundheitsstatistik 2003. Wien: Statistik Austria; 2005 (in German).,Institutional Birth (IB): includes all deliveries that occurred at a health facility,C,PERCENT,,,,G,,
3,3.1,3.01.02,SH_STA_BRTC,Proportion of births attended by skilled health personnel (%),40,Austria,2003,98.4,2003-2003,,,,Jahrbuch der Gesundheitsstatistik 2003. Wien: Statistik Austria; 2005 (in German).,Institutional Birth (IB): includes all deliveries that occurred at a health facility,C,PERCENT,,,,G,,
3,3.1,3.01.02,SH_STA_BRTC,Proportion of births attended by skilled health personnel (%),40,Austria,2004,98.4,2004-2004,,,,Jahrbuch der Gesundheitsstatistik 2012. Wien: Statistik Austria; 2013 (in German).,Institutional Birth (IB): includes all deliveries that occurred at a health facility,C,PERCENT,,,,G,,
3,3.1,3.01.02,SH_STA_BRTC,Proportion of births attended by skilled health personnel (%),40,Austria,2005,98.6,2005-2005,,,,Jahrbuch der Gesundheitsstatistik 2012. Wien: Statistik Austria; 2013 (in German).,Institutional Birth (IB): includes all deliveries that occurred at a health facility,C,PERCENT,,,,G,,
3,3.1,3.01.02,SH_STA_BRTC,Proportion of births attended by skilled health personnel (%),40,Austria,2006,98.6,2006-2006,,,,Jahrbuch der Gesundheitsstatistik 2012. Wien: Statistik Austria; 2013 (in German).,Institutional Birth (IB): includes all deliveries that occurred at a health facility,C,PERCENT,,,,G,,
3,3.1,3.01.02,SH_STA_BRTC,Proportion of births attended by skilled health personnel (%),40,Austria,2007,98.5,2007-2007,,,,Jahrbuch der Gesundheitsstatistik 2012. Wien: Statistik Austria; 2013 (in German).,Institutional Birth (IB): includes all deliveries that occurred at a health facility,C,PERCENT,,,,G,,
3,3.1,3.01.02,SH_STA_BRTC,Proportion of births attended by skilled health personnel (%),40,Austria,2008,98.6,2008-2008,,,,Jahrbuch der Gesundheitsstatistik 2012. Wien: Statistik Austria; 2013 (in German).,Institutional Birth (IB): includes all deliveries that occurred at a health facility,C,PERCENT,,,,G,,
3,3.1,3.01.02,SH_STA_BRTC,Proportion of births attended by skilled health personnel (%),40,Austria,2009,98.6,2009-2009,,,,Jahrbuch der Gesundheitsstatistik 2012. Wien: Statistik Austria; 2013 (in German).,Institutional Birth (IB): includes all deliveries that occurred at a health facility,C,PERCENT,,,,G,,
3,3.1,3.01.02,SH_STA_BRTC,Proportion of births attended by skilled health personnel (%),40,Austria,2010,98.5,2010-2010,,,,Jahrbuch der Gesundheitsstatistik 2012. Wien: Statistik Austria; 2013 (in German).,Institutional Birth (IB): includes all deliveries that occurred at a health facility,C,PERCENT,,,,G,,
3,3.1,3.01.02,SH_STA_BRTC,Proportion of births attended by skilled health personnel (%),40,Austria,2011,98.6,2011-2011,,,,Jahrbuch der Gesundheitsstatistik 2012. Wien: Statistik Austria; 2013 (in German).,Institutional Birth (IB): includes all deliveries that occurred at a health facility,C,PERCENT,,,,G,,
3,3.1,3.01.02,SH_STA_BRTC,Proportion of births attended by skilled health personnel (%),40,Austria,2012,98.5,2012-2012,,,,Jahrbuch der Gesundheitsstatistik 2012. Wien: Statistik Austria; 2013 (in German).,Institutional Birth (IB): includes all deliveries that occurred at a health facility,C,PERCENT,,,,G,,
3,3.1,3.01.02,SH_STA_BRTC,Proportion of births attended by skilled health personnel (%),40,Austria,2013,98.5,2013-2013,,,,Jahrbuch der Gesundheitsstatistik 2013. Wien: Statistik Austria; 2014 (in German).,Institutional Birth (IB): includes all deliveries that occurred at a health facility,C,PERCENT,,,,G,,
3,3.1,3.01.02,SH_STA_BRTC,Proportion of births attended by skilled health personnel (%),40,Austria,2014,98.5,2014-2014,,,,Jahrbuch der Gesundheitsstatistik 2014. Wien: Statistik Austria; 2015 (in German).,Institutional Birth (IB): includes all deliveries that occurred at a health facility,C,PERCENT,,,,G,,
3,3.1,3.01.02,SH_STA_BRTC,Proportion of births attended by skilled health personnel (%),40,Austria,2015,98.5,2015-2015,,,,"Vital statistics. Live births (with place of birth in Austria) by medical characteristics since 2006 [website]. Vienna: Statistics Austria; 2017 (http://www.statistik.at/web_en/statistics/PeopleSociety/health/medical_and_sociomedical_characteristics_of_live_birth/110639.html, accessed 27 October 2017).",Institutional Birth (IB): includes all deliveries that occurred at a health facility,C,PERCENT,,,,G,,
3,3.1,3.01.02,SH_STA_BRTC,Proportion of births attended by skilled health personnel (%),40,Austria,2016,98.4,2016-2016,,,,"Vital statistics. Live births (with place of birth in Austria) by medical characteristics since 2006 [website]. Vienna: Statistics Austria; 2017 (http://www.statistik.at/web_en/statistics/PeopleSociety/health/medical_and_sociomedical_characteristics_of_live_birth/110639.html, accessed 27 October 2017).",Institutional Birth (IB): includes all deliveries that occurred at a health facility,C,PERCENT,,,,G,,
3,3.1,3.01.02,SH_STA_BRTC,Proportion of births attended by skilled health personnel (%),40,Austria,2017,98.4,2017-2017,,,,"Vital statistics. Live births (with place of birth in Austria) by medical characteristics since 2007 [website]. Vienna: Statistics Austria; 2018 (http://www.statistik.at/web_en/statistics/PeopleSociety/health/medical_and_sociomedical_characteristics_of_live_birth/110639.html, accessed 11 September 2018).",Institutional Birth (IB): includes all deliveries that occurred at a health facility,C,PERCENT,,,,G,,
3,3.1,3.01.02,SH_STA_BRTC,Proportion of births attended by skilled health personnel (%),44,Bahamas,2000,99,2000-2000,,,,"Health Situation in the Americas: Basic Indicators 2002. Washington, DC: Pan American Health Organization/World Health Organization (PAHO/WHO), Special Program for Health Analysis; 2002.",No / unclear definition of the cadres included,C,PERCENT,,,,G,,
3,3.1,3.01.02,SH_STA_BRTC,Proportion of births attended by skilled health personnel (%),44,Bahamas,2002,99,2002-2002,,,,"Health Situation in the Americas: Basic Indicators 2004. Washington, DC: Pan American Health Organization/World Health Organization (PAHO/WHO), Area of Health Analysis and Information Systems (AIS); 2004.",No / unclear definition of the cadres included,C,PERCENT,,,,G,,
3,3.1,3.01.02,SH_STA_BRTC,Proportion of births attended by skilled health personnel (%),44,Bahamas,2003,99,2003-2003,,,,"Health Situation in the Americas: Basic Indicators 2005. Washington, DC: Pan American Health Organization/World Health Organization (PAHO/WHO), Area of Health Analysis and Information Systems (AIS); 2005.",No / unclear definition of the cadres included,C,PERCENT,,,,G,,
3,3.1,3.01.02,SH_STA_BRTC,Proportion of births attended by skilled health personnel (%),44,Bahamas,2004,98,2004-2004,,,,"Health Situation in the Americas: Basic Indicators 2006. Washington, DC: Pan American Health Organization/World Health Organization (PAHO/WHO), Health Analysis and Statistics Unit (HA); 2006.",No / unclear definition of the cadres included,C,PERCENT,,,,G,,
3,3.1,3.01.02,SH_STA_BRTC,Proportion of births attended by skilled health personnel (%),44,Bahamas,2006,99,2006-2006,,,,"Health Situation in the Americas: Basic Indicators 2007. Washington, DC: Pan American Health Organization/World Health Organization (PAHO/WHO), Health Analysis and Statistics Unit (HA); 2007.",No / unclear definition of the cadres included,C,PERCENT,,,,G,,
3,3.1,3.01.02,SH_STA_BRTC,Proportion of births attended by skilled health personnel (%),44,Bahamas,2007,99,2007-2007,,,,"Health Situation in the Americas: Basic Indicators 2009. Washington, DC: Pan American Health Organization/World Health Organization (PAHO/WHO), Health Information and Analysis Project; 2009.",No / unclear definition of the cadres included,C,PERCENT,,,,G,,
3,3.1,3.01.02,SH_STA_BRTC,Proportion of births attended by skilled health personnel (%),44,Bahamas,2008,99,2008-2008,,,,"Health Situation in the Americas: Basic Indicators 2010. Washington, DC: Pan American Health Organization/World Health Organization (PAHO/WHO), Health Information and Analysis Project (HSD/HA); 2010.",No / unclear definition of the cadres included,C,PERCENT,,,,G,,
3,3.1,3.01.02,SH_STA_BRTC,Proportion of births attended by skilled health personnel (%),44,Bahamas,2010,99,2010-2010,,,,"Health Situation in the Americas: Basic Indicators 2012. Washington, DC: Pan American Health Organization/World Health Organization (PAHO/WHO), Health Information and Analysis Project (HSD/HA); 2012.",No / unclear definition of the cadres included,C,PERCENT,,,,G,,
3,3.1,3.01.02,SH_STA_BRTC,Proportion of births attended by skilled health personnel (%),44,Bahamas,2011,99,2011-2011,,,,"Health Situation in the Americas: Basic Indicators 2013. Washington, DC: Pan American Health Organization/World Health Organization (PAHO/WHO), Communicable Diseases and Health Analysis/Health Information and Analysis; 2013.",No / unclear definition of the cadres included,C,PERCENT,,,,G,,
3,3.1,3.01.02,SH_STA_BRTC,Proportion of births attended by skilled health personnel (%),44,Bahamas,2013,98,2013-2013,,,,"Health Situation in the Americas: Basic Indicators 2015. Washington, DC: Pan American Health Organization/World Health Organization (PAHO/WHO), Communicable Diseases and Health Analysis/Health Information and Analysis; 2015.",No / unclear definition of the cadres included,C,PERCENT,,,,G,,
3,3.1,3.01.02,SH_STA_BRTC,Proportion of births attended by skilled health personnel (%),44,Bahamas,2014,99.6,2014-2014,,,,"Health Situation in the Americas: Core Indicators 2016. Washington, DC: Pan American Health Organization/World Health Organization (PAHO/WHO), Communicable Diseases and Health Analysis/Health Information and Analysis; 2016.",Institutional Birth (IB): includes all deliveries that occurred at a health facility,C,PERCENT,,,,G,,
3,3.1,3.01.02,SH_STA_BRTC,Proportion of births attended by skilled health personnel (%),44,Bahamas,2015,99,2015-2015,,,,"Health Situation in the Americas: Core Indicators 2017. Washington, DC: Pan American Health Organization/World Health Organization (PAHO/WHO), Communicable Diseases and Health Analysis/Health Information and Analysis; 2017.",Institutional Birth (IB): includes all deliveries that occurred at a health facility,C,PERCENT,,,,G,,
3,3.1,3.01.02,SH_STA_BRTC,Proportion of births attended by skilled health personnel (%),44,Bahamas,2016,99,2016-2016,,,,"Health Situation in the Americas: Core Indicators 2018. Washington, DC: Pan American Health Organization/World Health Organization (PAHO/WHO), Evidence and Intelligence for Action in Health/Health Analysis, Metrics and Evidence; 2018.",Institutional Birth (IB): includes all deliveries that occurred at a health facility,C,PERCENT,,,,G,,
3,3.1,3.01.02,SH_STA_BRTC,Proportion of births attended by skilled health personnel (%),48,Bahrain,2000,97.7,2000-2000,,,,Health Statistics of 2000. Bahrain: Ministry of Health; 2001.,Institutional Birth (IB): includes all deliveries that occurred at a health facility,C,PERCENT,,,,G,,
3,3.1,3.01.02,SH_STA_BRTC,Proportion of births attended by skilled health personnel (%),48,Bahrain,2001,97.5,2001-2001,,,,Health Statistics of 2001. Bahrain: Ministry of Health; 2002.,Institutional Birth (IB): includes all deliveries that occurred at a health facility,C,PERCENT,,,,G,,
3,3.1,3.01.02,SH_STA_BRTC,Proportion of births attended by skilled health personnel (%),48,Bahrain,2002,97.6,2002-2002,,,,Health Statistics of 2002. Bahrain: Ministry of Health; 2003.,Institutional Birth (IB): includes all deliveries that occurred at a health facility,C,PERCENT,,,,G,,
3,3.1,3.01.02,SH_STA_BRTC,Proportion of births attended by skilled health personnel (%),48,Bahrain,2003,97.8,2003-2003,,,,Health Statistics of 2003. Bahrain: Ministry of Health; 2004.,Institutional Birth (IB): includes all deliveries that occurred at a health facility,C,PERCENT,,,,G,,
3,3.1,3.01.02,SH_STA_BRTC,Proportion of births attended by skilled health personnel (%),48,Bahrain,2004,97.7,2004-2004,,,,Health Statistics of 2004. Bahrain: Ministry of Health; 2005.,Institutional Birth (IB): includes all deliveries that occurred at a health facility,C,PERCENT,,,,G,,
3,3.1,3.01.02,SH_STA_BRTC,Proportion of births attended by skilled health personnel (%),48,Bahrain,2005,97.5,2005-2005,,,,Health Statistics of 2005. Bahrain: Ministry of Health; 2006.,Institutional Birth (IB): includes all deliveries that occurred at a health facility,C,PERCENT,,,,G,,
3,3.1,3.01.02,SH_STA_BRTC,Proportion of births attended by skilled health personnel (%),48,Bahrain,2006,97.5,2006-2006,,,,Health Statistics of 2006. Bahrain: Ministry of Health; 2007.,Institutional Birth (IB): includes all deliveries that occurred at a health facility,C,PERCENT,,,,G,,
3,3.1,3.01.02,SH_STA_BRTC,Proportion of births attended by skilled health personnel (%),48,Bahrain,2007,97.4,2007-2007,,,,Health Statistics of 2007. Bahrain: Ministry of Health; 2008.,Institutional Birth (IB): includes all deliveries that occurred at a health facility,C,PERCENT,,,,G,,
3,3.1,3.01.02,SH_STA_BRTC,Proportion of births attended by skilled health personnel (%),48,Bahrain,2008,97.5,2008-2008,,,,Health Statistics of 2008. Bahrain: Ministry of Health; 2009.,Institutional Birth (IB): includes all deliveries that occurred at a health facility,C,PERCENT,,,,G,,
3,3.1,3.01.02,SH_STA_BRTC,Proportion of births attended by skilled health personnel (%),48,Bahrain,2009,99.4,2009-2009,,,,Health Statistics of 2009. Bahrain: Ministry of Health; 2010.,No / unclear definition of the cadres included,C,PERCENT,,,,G,,
3,3.1,3.01.02,SH_STA_BRTC,Proportion of births attended by skilled health personnel (%),48,Bahrain,2010,99.3,2010-2010,,,,Health Statistics of 2010. Bahrain: Ministry of Health; 2011.,No / unclear definition of the cadres included,C,PERCENT,,,,G,,
3,3.1,3.01.02,SH_STA_BRTC,Proportion of births attended by skilled health personnel (%),48,Bahrain,2011,99.6,2011-2011,,,,Health Statistics of 2011. Bahrain: Ministry of Health; 2012.,No / unclear definition of the cadres included,C,PERCENT,,,,G,,
3,3.1,3.01.02,SH_STA_BRTC,Proportion of births attended by skilled health personnel (%),48,Bahrain,2012,99.8,2012-2012,,,,Health Statistics of 2012. Bahrain: Ministry of Health; 2013.,No / unclear definition of the cadres included,C,PERCENT,,,,G,,
3,3.1,3.01.02,SH_STA_BRTC,Proportion of births attended by skilled health personnel (%),48,Bahrain,2013,99.8,2013-2013,,,,Health Statistics of 2012. Bahrain: Ministry of Health; 2013.,No / unclear definition of the cadres included,C,PERCENT,,,,G,,
3,3.1,3.01.02,SH_STA_BRTC,Proportion of births attended by skilled health personnel (%),48,Bahrain,2014,99.8,2014-2014,,,,Health Statistics of 2014. Bahrain: Ministry of Health; 2015.,No / unclear definition of the cadres included,C,PERCENT,,,,G,,
3,3.1,3.01.02,SH_STA_BRTC,Proportion of births attended by skilled health personnel (%),48,Bahrain,2015,99.7,2015-2015,,,,Health Statistics of 2015. Bahrain: Ministry of Health; 2016.,Institutional Birth (IB): includes all deliveries that occurred at a health facility,C,PERCENT,,,,G,,
3,3.1,3.01.02,SH_STA_BRTC,Proportion of births attended by skilled health personnel (%),48,Bahrain,2016,99.7,2016-2016,,,,Health Statistics of 2016. Bahrain: Ministry of Health; 2017.,Institutional Birth (IB): includes all deliveries that occurred at a health facility,C,PERCENT,,,,G,,
3,3.1,3.01.02,SH_STA_BRTC,Proportion of births attended by skilled health personnel (%),50,Bangladesh,2000,12.1,1999-2000,,,,"National Institute of Population Research and Training (NIPORT), Mitra and Associates (MA), ORC Macro (ORCM). Bangladesh Demographic and Health Survey 1999-2000. Dhaka, Bangladesh and Calverton, Maryland [USA]: National Institute of Population Research and Training, Mitra and Associates, ORC Macro; 2001.",Definition includes other cadres that is not in alignment with the standard definition,C,PERCENT,,,,G,,
3,3.1,3.01.02,SH_STA_BRTC,Proportion of births attended by skilled health personnel (%),50,Bangladesh,2001,12,2001-2001,,,,"Bangladesh Maternal Health Services and Maternal Mortality Survey 2001. Dhaka: National Institute of Population Research and Training - NIPORT [Bangladesh], ORC Macro, Johns Hopkins University, Centre for Health and Population Research - icddr,b [Bangladesh]; 2003.",Definition includes other cadres that is not in alignment with the standard definition,C,PERCENT,,,,G,,
3,3.1,3.01.02,SH_STA_BRTC,Proportion of births attended by skilled health personnel (%),50,Bangladesh,2003,13.9,2003-2003,,,,UNICEF Summary Results of Multiple Indicator Cluster Survey 2003 Preliminary Report. (Data provided by UNICEF March 2016). ,Definition includes other cadres that is not in alignment with the standard definition,C,PERCENT,,,,G,,
3,3.1,3.01.02,SH_STA_BRTC,Proportion of births attended by skilled health personnel (%),50,Bangladesh,2004,13.2,2004-2004,,,,"National Institute of Population Research and Training (NIPORT), Mitra and Associates, ORC Macro. Bangladesh Demographic and Health Survey 2004. Dhaka, Bangladesh and Calverton, Maryland [USA]: National Institute of Population Research and Training, Mitra and Associates, ORC Macro; 2005.",Definition includes other cadres that is not in alignment with the standard definition,C,PERCENT,,,,G,,
3,3.1,3.01.02,SH_STA_BRTC,Proportion of births attended by skilled health personnel (%),50,Bangladesh,2006,20.1,2006-2006,,,,"Multiple Indicator Cluster Survey 2006. Progotir Pathey 2006. Volume I: Technical Report. Bangladesh: Bangladesh Bureau of Statistics, Planning Division, Ministry of Planning, United Nations Children's Fund (UNICEF); 2007.
","Cadres included align with the standard definition of: Doctor, nurse and/or midwife",C,PERCENT,,,,G,,
3,3.1,3.01.02,SH_STA_BRTC,Proportion of births attended by skilled health personnel (%),50,Bangladesh,2007,18,2007-2007,,,,"National Institute of Population Research and Training (NIPORT), Mitra and Associates, Macro International. Bangladesh Demographic and Health Survey 2007. Dhaka, Bangladesh and Calverton, Maryland, USA: National Institute of Population Research and Training, Mitra and Associates, Macro International; 2009.",Definition includes other cadres that is not in alignment with the standard definition,C,PERCENT,,,,G,,
3,3.1,3.01.02,SH_STA_BRTC,Proportion of births attended by skilled health personnel (%),50,Bangladesh,2010,26.5,2010-2010,,,,"Bangladesh Maternal Mortality and Health Care Survey 2010. Dhaka: National Institute of Population Research and Training (NIPORT), MEASURE Evaluation, icddr,b.; 2012.",Definition includes other cadres that is not in alignment with the standard definition,C,PERCENT,,,,G,,
3,3.1,3.01.02,SH_STA_BRTC,Proportion of births attended by skilled health personnel (%),50,Bangladesh,2011,31.7,2011-2011,,,,"National Institute of Population Research and Training (NIPORT), Mitra and Associates, ICF International. Bangladesh Demographic and Health Survey 2011. Dhaka, Bangladesh and Calverton, Maryland, USA: NIPORT, Mitra and Associates, ICF International; 2013. ",Definition includes other cadres that is not in alignment with the standard definition,C,PERCENT,,,,G,,
3,3.1,3.01.02,SH_STA_BRTC,Proportion of births attended by skilled health personnel (%),50,Bangladesh,2013,36.5,2012-2013,,,,"Bangladesh Multiple Indicator Cluster Survey 2012-2013, Progotir Pathey: Final Report. Dhaka, Bangladesh: Bangladesh Bureau of Statistics (BBS), UNICEF Bangladesh; 2014.","Cadres included align with the standard definition of: Doctor, nurse and/or midwife",C,PERCENT,,,,G,,
3,3.1,3.01.02,SH_STA_BRTC,Proportion of births attended by skilled health personnel (%),50,Bangladesh,2014,42.1,2014-2014,,,,"National Institute of Population Research and Training (NIPORT), Mitra and Associates, ICF International. Bangladesh Demographic and Health Survey 2014. Dhaka, Bangladesh, and Rockville, Maryland, USA: NIPORT, Mitra and Associates, ICF International; 2016.
",Definition includes other cadres that is not in alignment with the standard definition,C,PERCENT,,,,G,,
3,3.1,3.01.02,SH_STA_BRTC,Proportion of births attended by skilled health personnel (%),50,Bangladesh,2016,49.8,2016-2016,,,,"Bangladesh Maternal Mortality and Health Care Survey 2016: Preliminary Report. Dhaka and Chapel Hill: National Institute of Population Research and Training (NIPORT), International Centre for Diarrhoeal Disease Research, Bangladesh (icddr,b), MEASURE Evaluation; 2017. ",Definition includes other cadres that is not in alignment with the standard definition,C,PERCENT,,,,G,,
3,3.1,3.01.02,SH_STA_BRTC,Proportion of births attended by skilled health personnel (%),50,Bangladesh,2017,67.8,2017-2017,,,,"Bangladesh Bureau of Statistics, Report on Bangladesh Sample Vital Statistics 2017, 2018 (w/ supplementary table provided during SDG consultation).","Cadres included align with the standard definition of: Doctor, nurse and/or midwife",C,PERCENT,,,,G,,
3,3.1,3.01.02,SH_STA_BRTC,Proportion of births attended by skilled health personnel (%),51,Armenia,2000,96.8,2000-2000,,,,"National Statistical Service [Armenia], Ministry of Health [Armenia], ORC Macro. Armenia Demographic and Health Survey 2000. Calverton, Maryland: National Statistical Service, Ministry of Health, ORC Macro; 2001.","Cadres included align with the standard definition of: Doctor, nurse and/or midwife",C,PERCENT,,,,G,,
3,3.1,3.01.02,SH_STA_BRTC,Proportion of births attended by skilled health personnel (%),51,Armenia,2001,98.4,2001-2001,,,,"Transformative Monitoring for Enhanced Equity (TransMonEE) 2012 Database [online database]. Geneva: UNICEF Europe and Central Asia Regional Office; 2012 (www.transmonee.org, accessed 1 November 2012). ",No / unclear definition of the cadres included,C,PERCENT,,,,G,,
3,3.1,3.01.02,SH_STA_BRTC,Proportion of births attended by skilled health personnel (%),51,Armenia,2002,98.8,2002-2002,,,,"Transformative Monitoring for Enhanced Equity (TransMonEE) 2012 Database [online database]. Geneva: UNICEF Europe and Central Asia Regional Office; 2012 (www.transmonee.org, accessed 1 November 2012). ",No / unclear definition of the cadres included,C,PERCENT,,,,G,,
3,3.1,3.01.02,SH_STA_BRTC,Proportion of births attended by skilled health personnel (%),51,Armenia,2003,99.2,2003-2003,,,,"Transformative Monitoring for Enhanced Equity (TransMonEE) 2012 Database [online database]. Geneva: UNICEF Europe and Central Asia Regional Office; 2012 (www.transmonee.org, accessed 1 November 2012). ",No / unclear definition of the cadres included,C,PERCENT,,,,G,,
3,3.1,3.01.02,SH_STA_BRTC,Proportion of births attended by skilled health personnel (%),51,Armenia,2004,99.5,2004-2004,,,,"Transformative Monitoring for Enhanced Equity (TransMonEE) 2012 Database [online database]. Geneva: UNICEF Europe and Central Asia Regional Office; 2012 (www.transmonee.org, accessed 1 November 2012). ",No / unclear definition of the cadres included,C,PERCENT,,,,G,,
3,3.1,3.01.02,SH_STA_BRTC,Proportion of births attended by skilled health personnel (%),51,Armenia,2005,97.8,2005-2005,,,,"National Statistical Service [Armenia], Ministry of Health [Armenia], ORC Macro. Armenia Demographic and Health Survey 2005. Calverton, Maryland: National Statistical Service, Ministry of Health, ORC Macro; 2006.","Cadres included align with the standard definition of: Doctor, nurse and/or midwife",C,PERCENT,,,,G,,
3,3.1,3.01.02,SH_STA_BRTC,Proportion of births attended by skilled health personnel (%),51,Armenia,2006,99.7,2006-2006,,,,"Transformative Monitoring for Enhanced Equity (TransMonEE) 2012 Database [online database]. Geneva: UNICEF Europe and Central Asia Regional Office; 2012 (www.transmonee.org, accessed 1 November 2012). ",No / unclear definition of the cadres included,C,PERCENT,,,,G,,
3,3.1,3.01.02,SH_STA_BRTC,Proportion of births attended by skilled health personnel (%),51,Armenia,2007,99.9,2007-2007,,,,"Transformative Monitoring for Enhanced Equity (TransMonEE) 2012 Database [online database]. Geneva: UNICEF Europe and Central Asia Regional Office; 2012 (www.transmonee.org, accessed 1 November 2012). ",No / unclear definition of the cadres included,C,PERCENT,,,,G,,
3,3.1,3.01.02,SH_STA_BRTC,Proportion of births attended by skilled health personnel (%),51,Armenia,2008,99.9,2008-2008,,,,"Transformative Monitoring for Enhanced Equity (TransMonEE) 2012 Database [online database]. Geneva: UNICEF Europe and Central Asia Regional Office; 2012 (www.transmonee.org, accessed 1 November 2012). ",No / unclear definition of the cadres included,C,PERCENT,,,,G,,
3,3.1,3.01.02,SH_STA_BRTC,Proportion of births attended by skilled health personnel (%),51,Armenia,2009,100,2009-2009,,,,"Transformative Monitoring for Enhanced Equity (TransMonEE) 2012 Database [online database]. Geneva: UNICEF Europe and Central Asia Regional Office; 2012 (www.transmonee.org, accessed 1 November 2012). ",No / unclear definition of the cadres included,C,PERCENT,,,,G,,
3,3.1,3.01.02,SH_STA_BRTC,Proportion of births attended by skilled health personnel (%),51,Armenia,2010,99.5,2010-2010,,,,"National Statistical Service [Armenia], Ministry of Health [Armenia], ICF International. Armenia Demographic and Health Survey 2010. Calverton, Maryland: National Statistical Service, Ministry of Health, ICF International; 2012.","Cadres included align with the standard definition of: Doctor, nurse and/or midwife",C,PERCENT,,,,G,,
3,3.1,3.01.02,SH_STA_BRTC,Proportion of births attended by skilled health personnel (%),51,Armenia,2011,100,2011-2011,,,,"Transformative Monitoring for Enhanced Equity (TransMonEE) 2016 Database [online database]. Geneva: UNICEF Europe and Central Asia Regional Office; 2016 (www.transmonee.org, accessed 17 October 2016). ",No / unclear definition of the cadres included,C,PERCENT,,,,G,,
3,3.1,3.01.02,SH_STA_BRTC,Proportion of births attended by skilled health personnel (%),51,Armenia,2012,100,2012-2012,,,,"Transformative Monitoring for Enhanced Equity (TransMonEE) 2016 Database [online database]. Geneva: UNICEF Europe and Central Asia Regional Office; 2016 (www.transmonee.org, accessed 17 October 2016). ",No / unclear definition of the cadres included,C,PERCENT,,,,G,,
3,3.1,3.01.02,SH_STA_BRTC,Proportion of births attended by skilled health personnel (%),51,Armenia,2013,100,2013-2013,,,,"Transformative Monitoring for Enhanced Equity (TransMonEE) 2016 Database [online database]. Geneva: UNICEF Europe and Central Asia Regional Office; 2016 (www.transmonee.org, accessed 17 October 2016). ",No / unclear definition of the cadres included,C,PERCENT,,,,G,,
3,3.1,3.01.02,SH_STA_BRTC,Proportion of births attended by skilled health personnel (%),51,Armenia,2014,100,2014-2014,,,,"Transformative Monitoring for Enhanced Equity (TransMonEE) 2016 Database [online database]. Geneva: UNICEF Europe and Central Asia Regional Office; 2016 (www.transmonee.org, accessed 17 October 2016). ",No / unclear definition of the cadres included,C,PERCENT,,,,G,,
3,3.1,3.01.02,SH_STA_BRTC,Proportion of births attended by skilled health personnel (%),51,Armenia,2016,99.8,2015-2016,,,,"National Statistical Service [Armenia], Ministry of Health [Armenia], ICF. Armenia Demographic and Health Survey 2015-16. Rockville, Maryland, USA: National Statistical Service, Ministry of Health, ICF; 2017.",Definition includes other cadres that is not in alignment with the standard definition,C,PERCENT,,,,G,,
3,3.1,3.01.02,SH_STA_BRTC,Proportion of births attended by skilled health personnel (%),52,Barbados,2000,98,2000-2000,,,,"Health Situation in the Americas: Basic Indicators 2002. Washington, DC: Pan American Health Organization/World Health Organization (PAHO/WHO), Special Program for Health Analysis; 2002.",No / unclear definition of the cadres included,C,PERCENT,,,,G,,
3,3.1,3.01.02,SH_STA_BRTC,Proportion of births attended by skilled health personnel (%),52,Barbados,2002,100,2002-2002,,,,"Health Situation in the Americas: Basic Indicators 2004. Washington, DC: Pan American Health Organization/World Health Organization (PAHO/WHO), Area of Health Analysis and Information Systems (AIS); 2004.",No / unclear definition of the cadres included,C,PERCENT,,,,G,,
3,3.1,3.01.02,SH_STA_BRTC,Proportion of births attended by skilled health personnel (%),52,Barbados,2003,100,2003-2003,,,,"Health Situation in the Americas: Basic Indicators 2005. Washington, DC: Pan American Health Organization/World Health Organization (PAHO/WHO), Area of Health Analysis and Information Systems (AIS); 2005.",No / unclear definition of the cadres included,C,PERCENT,,,,G,,
3,3.1,3.01.02,SH_STA_BRTC,Proportion of births attended by skilled health personnel (%),52,Barbados,2004,100,2004-2004,,,,"Health Situation in the Americas: Basic Indicators 2006. Washington, DC: Pan American Health Organization/World Health Organization (PAHO/WHO), Health Analysis and Statistics Unit (HA); 2006.",No / unclear definition of the cadres included,C,PERCENT,,,,G,,
3,3.1,3.01.02,SH_STA_BRTC,Proportion of births attended by skilled health personnel (%),52,Barbados,2005,100,2005-2005,,,,"Health Situation in the Americas: Basic Indicators 2007. Washington, DC: Pan American Health Organization/World Health Organization (PAHO/WHO), Health Analysis and Statistics Unit (HA); 2007.",No / unclear definition of the cadres included,C,PERCENT,,,,G,,
3,3.1,3.01.02,SH_STA_BRTC,Proportion of births attended by skilled health personnel (%),52,Barbados,2006,100,2006-2006,,,,"Health Situation in the Americas: Basic Indicators 2008. Washington, DC: Pan American Health Organization/World Health Organization (PAHO/WHO), Health Information and Analysis; 2008.",No / unclear definition of the cadres included,C,PERCENT,,,,G,,
3,3.1,3.01.02,SH_STA_BRTC,Proportion of births attended by skilled health personnel (%),52,Barbados,2007,100,2007-2007,,,,"Health Situation in the Americas: Basic Indicators 2009. Washington, DC: Pan American Health Organization/World Health Organization (PAHO/WHO), Health Information and Analysis Project; 2009.",No / unclear definition of the cadres included,C,PERCENT,,,,G,,
3,3.1,3.01.02,SH_STA_BRTC,Proportion of births attended by skilled health personnel (%),52,Barbados,2008,100,2008-2008,,,,"Health Situation in the Americas: Basic Indicators 2010. Washington, DC: Pan American Health Organization/World Health Organization (PAHO/WHO), Health Information and Analysis Project (HSD/HA); 2010.",No / unclear definition of the cadres included,C,PERCENT,,,,G,,
3,3.1,3.01.02,SH_STA_BRTC,Proportion of births attended by skilled health personnel (%),52,Barbados,2011,100,2011-2011,,,,"Health Situation in the Americas: Basic Indicators 2012. Washington, DC: Pan American Health Organization/World Health Organization (PAHO/WHO), Health Information and Analysis Project (HSD/HA); 2012.",No / unclear definition of the cadres included,C,PERCENT,,,,G,,
3,3.1,3.01.02,SH_STA_BRTC,Proportion of births attended by skilled health personnel (%),52,Barbados,2012,98.9,2012-2012,,,,"Barbados Statistical Service, ‘Barbados Multiple Indicator Cluster Survey 2012: Final Report’. BSS, Bridgetown, Barbados: Barbados Statistical Service, United Nations Children’s Fund (UNICEF), United Nations Population Fund (UNFPA), United Nations Entity for Gender Equality and the Empowerment of Women (UN Women); 2014.","Cadres included align with the standard definition of: Doctor, nurse and/or midwife",C,PERCENT,,,,G,,
3,3.1,3.01.02,SH_STA_BRTC,Proportion of births attended by skilled health personnel (%),52,Barbados,2013,98.6,2013-2013,,,,"Health Situation in the Americas: Basic Indicators 2015. Washington, DC: Pan American Health Organization/World Health Organization (PAHO/WHO), Communicable Diseases and Health Analysis/Health Information and Analysis; 2015.",No / unclear definition of the cadres included,C,PERCENT,,,,G,,
3,3.1,3.01.02,SH_STA_BRTC,Proportion of births attended by skilled health personnel (%),52,Barbados,2014,99.7,2014-2014,,,,"Health Situation in the Americas: Core Indicators 2016. Washington, DC: Pan American Health Organization/World Health Organization (PAHO/WHO), Communicable Diseases and Health Analysis/Health Information and Analysis; 2016.",Institutional Birth (IB): includes all deliveries that occurred at a health facility,C,PERCENT,,,,G,,
3,3.1,3.01.02,SH_STA_BRTC,Proportion of births attended by skilled health personnel (%),52,Barbados,2015,99,2015-2015,,,,"Health Situation in the Americas: Core Indicators 2017. Washington, DC: Pan American Health Organization/World Health Organization (PAHO/WHO), Communicable Diseases and Health Analysis/Health Information and Analysis; 2017.",Institutional Birth (IB): includes all deliveries that occurred at a health facility,C,PERCENT,,,,G,,
3,3.1,3.01.02,SH_STA_BRTC,Proportion of births attended by skilled health personnel (%),52,Barbados,2016,99,2016-2016,,,,"Health Situation in the Americas: Core Indicators 2018. Washington, DC: Pan American Health Organization/World Health Organization (PAHO/WHO), Evidence and Intelligence for Action in Health/Health Analysis, Metrics and Evidence; 2018.",Institutional Birth (IB): includes all deliveries that occurred at a health facility,C,PERCENT,,,,G,,
3,3.1,3.01.02,SH_STA_BRTC,Proportion of births attended by skilled health personnel (%),53,Australia and New Zealand,2003,99.1,2000-2005,,,,UNICEF/WHO joint global database on Skilled attendance at birth.,,E,PERCENT,,,,G,,
3,3.1,3.01.02,SH_STA_BRTC,Proportion of births attended by skilled health personnel (%),53,Australia and New Zealand,2009,98.7,2006-2012,,,,UNICEF/WHO joint global database on Skilled attendance at birth.,,E,PERCENT,,,,G,,
3,3.1,3.01.02,SH_STA_BRTC,Proportion of births attended by skilled health personnel (%),53,Australia and New Zealand,2018,96.9,2013-2018,,,,UNICEF/WHO joint global database on Skilled attendance at birth.,,E,PERCENT,,,,G,,
3,3.1,3.01.02,SH_STA_BRTC,Proportion of births attended by skilled health personnel (%),62,Central and Southern Asia,2003,39.8,2000-2005,,,,UNICEF/WHO joint global database on Skilled attendance at birth.,,E,PERCENT,,,,G,,
3,3.1,3.01.02,SH_STA_BRTC,Proportion of births attended by skilled health personnel (%),62,Central and Southern Asia,2009,51.2,2006-2012,,,,UNICEF/WHO joint global database on Skilled attendance at birth.,,E,PERCENT,,,,G,,
3,3.1,3.01.02,SH_STA_BRTC,Proportion of births attended by skilled health personnel (%),62,Central and Southern Asia,2018,78.8,2013-2018,,,,UNICEF/WHO joint global database on Skilled attendance at birth.,,E,PERCENT,,,,G,,
3,3.1,3.01.02,SH_STA_BRTC,Proportion of births attended by skilled health personnel (%),64,Bhutan,2000,27.3,2000-2000,,,,"A Report - National Health Survey 2000. Thimphu: Department of Health Services, Ministry of Health and Education, Bhutan; 2001.",No / unclear definition of the cadres included,C,PERCENT,,,,G,,
3,3.1,3.01.02,SH_STA_BRTC,Proportion of births attended by skilled health personnel (%),64,Bhutan,2003,56.1,2003-2003,,,,"Bhutan Living Standard Survey (BLSS) 2003. Thimphu: National Statistics Bureau, Bhutan; 2004.",Institutional Birth (IB) and delivery with a skilled personnel at home,C,PERCENT,,,,G,,
3,3.1,3.01.02,SH_STA_BRTC,Proportion of births attended by skilled health personnel (%),64,Bhutan,2005,52.3,2005-2005,,,,"Statistical Yearbook of Bhutan 2010. Thimphu: National Statistics Bureau, Bhutan; 2010. ",No / unclear definition of the cadres included,C,PERCENT,,,,G,,
3,3.1,3.01.02,SH_STA_BRTC,Proportion of births attended by skilled health personnel (%),64,Bhutan,2006,57.1,2006-2006,,,,"Statistical Yearbook of Bhutan 2010. Thimphu: National Statistics Bureau, Bhutan; 2010. ",No / unclear definition of the cadres included,C,PERCENT,,,,G,,
3,3.1,3.01.02,SH_STA_BRTC,Proportion of births attended by skilled health personnel (%),64,Bhutan,2007,71.4,2007-2007,,,,"Bhutan Living Standard Survey 2007 - Report. Thimphu: National Statistics Bureau, Bhutan; 2007.",Institutional Birth (IB) and delivery with a skilled personnel at home,C,PERCENT,,,,G,,
3,3.1,3.01.02,SH_STA_BRTC,Proportion of births attended by skilled health personnel (%),64,Bhutan,2008,66.3,2008-2008,,,,"Statistical Yearbook of Bhutan 2010. Thimphu: National Statistics Bureau, Bhutan; 2010. ",No / unclear definition of the cadres included,C,PERCENT,,,,G,,
3,3.1,3.01.02,SH_STA_BRTC,Proportion of births attended by skilled health personnel (%),64,Bhutan,2009,66,2009-2009,,,,"Statistical Yearbook of Bhutan 2010. Thimphu: National Statistics Bureau, Bhutan; 2010. ",No / unclear definition of the cadres included,C,PERCENT,,,,G,,
3,3.1,3.01.02,SH_STA_BRTC,Proportion of births attended by skilled health personnel (%),64,Bhutan,2010,64.5,2010-2010,,,,"National Statistics Bureau, Bhutan, United Nations Children's Fund (UNICEF), United Nations Population Fund (UNFPA). Bhutan Multiple Indicator Survey 2010. Thrimphu, Bhutan: National Statistics Bureau; 2011.",Definition includes other cadres that is not in alignment with the standard definition,C,PERCENT,,,,G,,
3,3.1,3.01.02,SH_STA_BRTC,Proportion of births attended by skilled health personnel (%),64,Bhutan,2011,70,2011-2011,,,,"Statistical Yearbook of Bhutan 2013. Thimphu: National Statistics Bureau, Bhutan; 2014. ",No / unclear definition of the cadres included,C,PERCENT,,,,G,,
3,3.1,3.01.02,SH_STA_BRTC,Proportion of births attended by skilled health personnel (%),64,Bhutan,2012,81,2012-2012,,,,"Statistical Yearbook of Bhutan 2013. Thimphu: National Statistics Bureau, Bhutan; 2014. ",No / unclear definition of the cadres included,C,PERCENT,,,,G,,
3,3.1,3.01.02,SH_STA_BRTC,Proportion of births attended by skilled health personnel (%),64,Bhutan,2013,89,2013-2013,,,,"Statistical Yearbook of Bhutan 2017. Thimphu: National Statistics Bureau, Bhutan; 2017. ",No / unclear definition of the cadres included,C,PERCENT,,,,G,,
3,3.1,3.01.02,SH_STA_BRTC,Proportion of births attended by skilled health personnel (%),64,Bhutan,2014,89,2014-2014,,,,"Statistical Yearbook of Bhutan 2017. Thimphu: National Statistics Bureau, Bhutan; 2017. ",No / unclear definition of the cadres included,C,PERCENT,,,,G,,
3,3.1,3.01.02,SH_STA_BRTC,Proportion of births attended by skilled health personnel (%),64,Bhutan,2015,89,2015-2015,,,,"Statistical Yearbook of Bhutan 2017. Thimphu: National Statistics Bureau, Bhutan; 2017. ",No / unclear definition of the cadres included,C,PERCENT,,,,G,,
3,3.1,3.01.02,SH_STA_BRTC,Proportion of births attended by skilled health personnel (%),64,Bhutan,2016,89,2016-2016,,,,"Statistical Yearbook of Bhutan 2017. Thimphu: National Statistics Bureau, Bhutan; 2017. ",No / unclear definition of the cadres included,C,PERCENT,,,,G,,
3,3.1,3.01.02,SH_STA_BRTC,Proportion of births attended by skilled health personnel (%),64,Bhutan,2017,97.2,2017-2017,,,,2017 Population and Housing Census of Bhutan. National Report. Thimphu: National Statistics Bureau of Bhutan; 2018.,No / unclear definition of the cadres included,C,PERCENT,,,,G,,
3,3.1,3.01.02,SH_STA_BRTC,Proportion of births attended by skilled health personnel (%),64,Bhutan,2018,96.4,2018-2018,,,,Statistical Yearbook of Bhutan 2018. Thimphu: National Statistics Bureau [Bhutan]; 2018. ,No / unclear definition of the cadres included,C,PERCENT,,,,G,,
